gate_name	gate_suffix	block_size	threshold	gridsynth_time	ntro_time	control_dist	gridsynth_dist	ntro_dist	og_t	og_cliff	og_rz	gridsynth_t	gridsynth_cliff	int_rz	opt_t	opt_cliff	timestamp
QFTAdd8	before	4	1e-05	23.296503292003763	31.4487643869943	2.0711861459243863e-07	4.141410441471649e-06	4.9835732720548975e-06	0	200	276	18944	29318	202	14238	22130	{timestr}
QFTAdd8	after	4	1e-05	10.454314164002426	18.52478226200037	8.067806900324825e-08	5.816605949449105e-06	5.90015341361827e-06	0	200	122	7621	12002	114	7501	11787	{timestr}
QFTAdd8	before	4	1e-05	18.00713054300286	31.62458770700323	2.0711861459243863e-07	4.7152885168655345e-06	4.723246167515072e-06	0	200	276	18688	28943	200	14243	22133	{timestr}
QFTAdd8	after	4	1e-05	7.245196920004673	19.50925415399979	8.067806900324825e-08	5.885425207630135e-06	5.708403396531558e-06	0	200	122	7762	12169	114	7690	12061	{timestr}
QFTAdd8	before	4	0.001	10.666747473005671	30.141811544999655	2.0711861459243863e-07	0.0001134713584771685	0.00012297772653036	0	200	276	15552	24341	206	12185	19099	{timestr}
QFTAdd8	after	4	0.001	7.348350981003023	18.16774126100063	8.067806900324825e-08	0.0005561740001430726	0.0005511848696730937	0	200	122	6099	9683	114	6049	9627	{timestr}
QFTAdd8	before	4	0.001	10.671742158003326	28.915718067000853	2.0711861459243863e-07	0.00011334032407028793	5.391229928919383e-05	0	200	276	15557	24290	206	12542	19592	{timestr}
QFTAdd8	after	4	0.001	7.1596902160017635	17.177609067999583	8.067806900324825e-08	0.0005439410527166011	0.0005811638119407325	0	200	122	6072	9586	114	5875	9340	{timestr}
QFTAdd8	before	4	1e-07	36.38919703200372	63.85369455700129	2.0711861459243863e-07	2.3692093698013394e-07	3.0145830376415717e-07	0	200	276	13987	21786	214	11308	17736	{timestr}
QFTAdd8	after	4	1e-07	18.88103531699744	33.12038325100002	8.067806900324825e-08	1.2010283578778314e-07	1.2138879845746686e-07	0	200	122	6834	10752	115	6849	10808	{timestr}
QFTAdd8	before	4	1e-07	29.670514204997744	62.22603329199774	2.0711861459243863e-07	2.0711861459243863e-07	1.7370066418553876e-07	0	200	276	14009	21782	222	11707	18323	{timestr}
QFTAdd8	after	4	1e-07	16.85579521099862	33.31455719299993	8.067806900324825e-08	1.1717831049917748e-07	8.067806900324825e-08	0	200	122	6840	10789	114	7035	11033	{timestr}
QFTAdd8	before	4	0.0001	11.233665283994924	30.5727714129971	2.0711861459243863e-07	2.977669380765935e-05	1.6922335639546482e-05	0	200	276	17664	27381	202	14024	21944	{timestr}
QFTAdd8	after	4	0.0001	7.027824345001136	19.400705924999784	8.067806900324825e-08	5.297510584156839e-05	5.744763370107986e-05	0	200	122	7242	11473	114	7084	11138	{timestr}
QFTAdd8	before	4	0.0001	11.370744952000678	28.767865280999104	2.0711861459243863e-07	3.132093080659981e-05	2.0506563148336987e-05	0	200	276	17673	27360	202	13893	21669	{timestr}
QFTAdd8	after	4	0.0001	7.527996393000649	19.4229166849982	8.067806900324825e-08	5.2071024970512525e-05	5.6225168321821783e-05	0	200	122	7389	11589	114	7193	11292	{timestr}
QFTAdd8	before	4	1e-06	26.635532268002862	49.460476722997555	2.0711861459243863e-07	1.2282491756998581e-07	1.8224442221992376e-07	0	200	276	16356	25381	204	13476	21056	{timestr}
QFTAdd8	after	4	1e-06	11.813363239001774	24.179298832001223	8.067806900324825e-08	2.1547038653313422e-07	2.4127995490452747e-07	0	200	122	7665	12079	114	7633	11944	{timestr}
QFTAdd8	before	4	1e-06	19.85865019099583	39.96378287600237	2.0711861459243863e-07	1.6341963904320522e-07	1.417694217575871e-07	0	200	276	16324	25496	200	13230	20627	{timestr}
QFTAdd8	after	4	1e-06	10.038831653997477	25.041804376000073	8.067806900324825e-08	2.3654381087201415e-07	3.041845527684828e-07	0	200	122	7656	12014	114	7616	11964	{timestr}
QFTAdd8	before	4	1e-08	37.38985257000604	92.9551093159971	2.0711861459243863e-07	2.627305052405049e-07	2.926759767873932e-07	0	200	276	13916	21776	222	11877	18586	{timestr}
QFTAdd8	after	4	1e-08	20.98224784899503	49.541171423996275	8.067806900324825e-08	1.3229720563501246e-07	1.337333246365091e-07	0	200	122	6828	10781	114	7019	11085	{timestr}
QFTAdd8	before	4	1e-08	37.04042953699536	74.12577859700104	2.0711861459243863e-07	2.77011255822579e-07	1.3516944363800576e-07	0	200	276	13920	21694	223	13132	20559	{timestr}
QFTAdd8	after	4	1e-08	18.11722920399916	47.507200758002	8.067806900324825e-08	2.082391306057474e-07	1.0175149323110588e-07	0	200	122	6826	10700	115	6803	10720	{timestr}
QFTAdd8	before	3	1e-05	11.68739060399821	26.875764520998928	2.9141231161489145e-07	4.879729806339661e-06	5.60376970426546e-06	0	200	276	17111	26511	225	15320	23659	{timestr}
QFTAdd8	after	3	1e-05	7.020356205001008	17.90259925299324	1.9838971643260095e-07	5.577326199102117e-06	6.0495731728504865e-06	0	200	122	7626	11974	119	7528	11859	{timestr}
QFTAdd8	before	3	1e-05	14.017870026997116	27.848093543005234	2.9141231161489145e-07	5.848071536584953e-06	4.600726797532317e-06	0	200	276	16909	26145	225	15498	24020	{timestr}
QFTAdd8	after	3	1e-05	6.8536338999983855	18.733254079998005	1.9838971643260095e-07	6.451943219465406e-06	5.79419986423968e-06	0	200	122	7522	11819	119	7448	11731	{timestr}
QFTAdd8	before	3	0.001	10.239043369998399	26.269210901002225	2.9141231161489145e-07	0.0003207444861775821	0.0002491801070491073	0	200	276	14178	21981	229	12860	20089	{timestr}
QFTAdd8	after	3	0.001	6.105207690001407	16.73975222399895	1.9838971643260095e-07	0.0006528047741251042	0.0006208904791157321	0	200	122	5826	9252	119	5872	9359	{timestr}
QFTAdd8	before	3	0.001	10.289364734999253	26.87483740499738	2.9141231161489145e-07	0.00031670499883440506	0.00026313242339881526	0	200	276	14287	22159	229	12807	19914	{timestr}
QFTAdd8	after	3	0.001	6.134506000998954	16.69768260699493	1.9838971643260095e-07	0.0006337621777033897	0.0006590174567588925	0	200	122	5865	9292	119	5829	9263	{timestr}
QFTAdd8	before	3	1e-07	24.04369776499516	53.14222622800298	2.9141231161489145e-07	3.422880582304444e-07	4.1813438189652885e-07	0	200	276	13026	20359	240	12049	18829	{timestr}
QFTAdd8	after	3	1e-07	13.368830067003728	28.681435044003592	1.9838971643260095e-07	3.7762212989900235e-07	3.368591851016234e-07	0	200	122	6343	9972	119	6325	9930	{timestr}
QFTAdd8	before	3	1e-07	22.693865842004016	52.55341994799528	2.9141231161489145e-07	3.335591600706067e-07	2.220197757862863e-07	0	200	276	12934	20269	237	13218	20586	{timestr}
QFTAdd8	after	3	1e-07	16.467211671995756	29.33589181899879	1.9838971643260095e-07	3.0839504072677215e-07	3.6266875336199433e-07	0	200	122	6328	9962	119	6346	9935	{timestr}
QFTAdd8	before	3	0.0001	10.355488388995582	26.976023263006937	2.9141231161489145e-07	4.255389751328664e-05	1.1973353095329209e-05	0	200	276	16174	25206	226	15636	24255	{timestr}
QFTAdd8	after	3	0.0001	7.132777795995935	18.969443504000083	1.9838971643260095e-07	5.50790684841207e-05	5.536132841077457e-05	0	200	122	6822	10878	119	6897	10969	{timestr}
QFTAdd8	before	3	0.0001	10.836365228999057	25.684815630003868	2.9141231161489145e-07	3.703344390038055e-05	1.1636269420023382e-05	0	200	276	16375	25549	226	15650	24298	{timestr}
QFTAdd8	after	3	0.0001	6.745079482003348	17.424274951998086	1.9838971643260095e-07	5.445974076223603e-05	5.741771497236314e-05	0	200	122	6931	11027	119	6907	10958	{timestr}
QFTAdd8	before	3	1e-06	20.12522453499696	36.522392402999685	2.9141231161489145e-07	4.2031155123023467e-07	2.558683288578223e-07	0	200	276	13031	20398	238	13459	20992	{timestr}
QFTAdd8	after	3	1e-06	9.83880264400068	25.883297556996695	1.9838971643260095e-07	3.063134728087391e-07	3.470242022629577e-07	0	200	122	6547	10271	119	6539	10282	{timestr}
QFTAdd8	before	3	1e-06	23.093506302000606	40.52473954499874	2.9141231161489145e-07	3.124857358427491e-07	2.7763166643435255e-07	0	200	276	13089	20450	240	13443	21032	{timestr}
QFTAdd8	after	3	1e-06	11.665255259998958	23.80155608899804	1.9838971643260095e-07	3.6281890969380726e-07	2.527156444109835e-07	0	200	122	6535	10285	119	6560	10339	{timestr}
QFTAdd8	before	3	1e-08	27.533430715004215	53.448688146003406	2.9141231161489145e-07	3.361157951964344e-07	2.9141231161489145e-07	0	200	276	13015	20337	248	12280	19205	{timestr}
QFTAdd8	after	3	1e-08	17.04057437699521	31.24413578799431	1.9838971643260095e-07	3.1050704396573536e-07	3.32866430974299e-07	0	200	122	6316	9982	119	6338	9998	{timestr}
QFTAdd8	before	3	1e-08	29.59188121600164	48.16273398200428	2.9141231161489145e-07	3.2121463400258676e-07	4.112786968768489e-07	0	200	276	13008	20378	251	12184	18990	{timestr}
QFTAdd8	after	3	1e-08	20.123533805002808	34.15382505799789	1.9838971643260095e-07	3.784634607928439e-07	3.6266875336199433e-07	0	200	122	6305	9923	119	6301	9918	{timestr}
QFTAdd8	before	5	1e-05	21.82610210099665	61.276664375996916	1.263426044895155e-07	3.881870905830809e-06	4.093960292661514e-06	0	200	276	19831	30506	210	15679	24257	{timestr}
QFTAdd8	after	5	1e-05	7.546132252005918	33.980090750003	9.30225951822905e-08	5.297759184785811e-06	5.386080761393686e-06	0	200	122	8218	12873	117	8135	12746	{timestr}
QFTAdd8	before	5	1e-05	21.787905444005446	68.53409803500108	1.263426044895155e-07	4.190772522449926e-06	4.385756014246844e-06	0	200	276	19403	29985	210	15063	23337	{timestr}
QFTAdd8	after	5	1e-05	12.659792022001056	32.96940421099862	9.30225951822905e-08	5.092933836992053e-06	5.262080826740068e-06	0	200	122	8206	12854	117	8107	12652	{timestr}
QFTAdd8	before	5	0.001	11.326825937998365	80.45913627700065	1.263426044895155e-07	8.753202794342663e-05	0.0001364634604538173	0	200	276	15860	24797	220	13241	20741	{timestr}
QFTAdd8	after	5	0.001	6.297278180005378	33.29830774899892	9.30225951822905e-08	0.0005529574974820761	0.0005939013050691999	0	200	122	6267	9927	117	6143	9692	{timestr}
QFTAdd8	before	5	0.001	10.72395271800633	64.67439460000605	1.263426044895155e-07	0.00018644470363693433	0.00010272907781572194	0	200	276	15742	24571	221	13483	21145	{timestr}
QFTAdd8	after	5	0.001	6.216888052003924	33.80931643400254	9.30225951822905e-08	0.0006167516494800518	0.0006057099984829728	0	200	122	6213	9773	117	6162	9766	{timestr}
QFTAdd8	before	5	1e-07	45.947216939006466	87.62466799799586	1.263426044895155e-07	1.4124376568336316e-07	1.9176334087323e-07	0	200	276	15575	24274	226	13370	20954	{timestr}
QFTAdd8	after	5	1e-07	18.382215761994303	60.17359953500272	9.30225951822905e-08	1.1883216344266145e-07	1.5081399473704238e-07	0	200	122	6773	10693	117	7444	11666	{timestr}
QFTAdd8	before	5	1e-07	45.31179826299922	80.5136976740032	1.263426044895155e-07	2.713108891994054e-07	1.921195124099384e-07	0	200	276	15547	24157	226	12809	20022	{timestr}
QFTAdd8	after	5	1e-07	18.4076674320022	58.69667259400012	9.30225951822905e-08	1.6848945305625307e-07	1.7848739708448136e-07	0	200	122	6743	10679	118	7234	11420	{timestr}
QFTAdd8	before	5	0.0001	12.127146876999177	65.11026898800628	1.263426044895155e-07	3.356529553155685e-05	2.733525409515103e-05	0	200	276	17954	27869	212	14784	23151	{timestr}
QFTAdd8	after	5	0.0001	7.078334469006222	31.399973893996503	9.30225951822905e-08	4.929786028629035e-05	5.736335829420458e-05	0	200	122	7397	11605	117	7219	11319	{timestr}
QFTAdd8	before	5	0.0001	12.73303625999688	72.74582751300477	1.263426044895155e-07	3.3599385674043525e-05	2.8426833475148072e-05	0	200	276	17970	27945	211	14633	22823	{timestr}
QFTAdd8	after	5	0.0001	6.9558825729982345	32.034204187002615	9.30225951822905e-08	4.936732984872627e-05	5.604282651816561e-05	0	200	122	7397	11715	117	7226	11372	{timestr}
QFTAdd8	before	5	1e-06	30.54741476999334	85.97108563299844	1.263426044895155e-07	1.5470880787571417e-07	1.828097930811623e-07	0	200	276	16252	25286	226	14480	22734	{timestr}
QFTAdd8	after	5	1e-06	13.19844915199792	42.95385719200567	9.30225951822905e-08	2.4127995490452747e-07	2.277169717235239e-07	0	200	122	7631	12039	117	7626	11991	{timestr}
QFTAdd8	before	5	1e-06	30.650954333999834	84.15450202500506	1.263426044895155e-07	1.594449519082275e-07	1.4901161193847656e-08	0	200	276	16307	25363	227	14413	22455	{timestr}
QFTAdd8	after	5	1e-06	11.513116934998834	42.09214913699543	9.30225951822905e-08	1.7731629220474332e-07	2.3910044588681956e-07	0	200	122	7640	12005	117	7625	12008	{timestr}
QFTAdd8	before	5	1e-08	49.463488902998506	127.00742799999716	1.263426044895155e-07	2.2861975390586764e-07	2.1319293663779604e-07	0	200	276	15527	24089	236	13525	21083	{timestr}
QFTAdd8	after	5	1e-08	23.744063216996437	69.73790115200245	9.30225951822905e-08	1.5480674886436674e-07	1.0175149323110588e-07	0	200	122	6747	10626	119	7222	11345	{timestr}
QFTAdd8	before	5	1e-08	50.34710996600188	125.4085242000001	1.263426044895155e-07	1.7576416511122517e-07	1.777440071792924e-07	0	200	276	15576	24178	233	13121	20536	{timestr}
QFTAdd8	after	5	1e-08	21.21748261999892	57.487642603002314	9.30225951822905e-08	2.475876862417792e-07	8.685033203725823e-08	0	200	122	6742	10682	119	6946	10905	{timestr}
QFTAdd8	before	6	1e-05	30.99722896500316	407.8662284439997	1.0536712125031045e-07	3.167658362279724e-06	3.4763208393018274e-06	0	200	276	20392	31265	195	15152	23522	{timestr}
QFTAdd8	after	6	1e-05	17.020856187999016	193.96616556799563	8.685033203725823e-08	5.600517814841055e-06	5.908940455712219e-06	0	200	122	8417	13119	114	8244	12844	{timestr}
QFTAdd8	before	6	1e-05	29.695021938998252	499.7656304960037	1.0536712125031045e-07	3.63485483922954e-06	3.5456695952618134e-06	0	200	276	20380	31393	199	15348	23821	{timestr}
QFTAdd8	after	6	1e-05	17.26915149299748	205.9055534470026	8.685033203725823e-08	5.74930549890329e-06	5.562271080838954e-06	0	200	122	8430	13149	114	8335	12936	{timestr}
QFTAdd8	before	6	0.001	12.38067960099579	440.59788986100466	1.0536712125031045e-07	0.0004045780181495262	0.00032653087182865637	0	200	276	15759	24472	208	12317	19302	{timestr}
QFTAdd8	after	6	0.001	6.359239995996177	272.9438209250002	8.685033203725823e-08	0.0004826438187897075	0.0004858288480645845	0	200	122	6498	10307	114	6490	10350	{timestr}
QFTAdd8	before	6	0.001	24.607065516000148	451.5891976580024	1.0536712125031045e-07	0.00032498738338870847	0.0002119465349613714	0	200	276	15789	24527	203	12269	19162	{timestr}
QFTAdd8	after	6	0.001	6.948672265993082	261.8489685110035	8.685033203725823e-08	0.000483876320459542	0.0004840402131029986	0	200	122	6501	10288	114	6493	10332	{timestr}
QFTAdd8	before	6	1e-07	67.25210428400169	504.7206514749996	1.0536712125031045e-07	2.6484467463561145e-07	1.311766895106814e-07	0	200	276	15440	23955	209	12049	18882	{timestr}
QFTAdd8	after	6	1e-07	18.698109975004627	232.49298416700185	8.685033203725823e-08	1.5959510824004042e-07	8.685033203725823e-08	0	200	122	6826	10799	116	7197	11393	{timestr}
QFTAdd8	before	6	1e-07	69.4553067300003	426.28931017200375	1.0536712125031045e-07	1.8229105280820335e-07	1.0536712125031045e-07	0	200	276	15414	23957	205	12241	19232	{timestr}
QFTAdd8	after	6	1e-07	20.9502735789938	225.84320177899644	8.685033203725823e-08	2.638322327275233e-07	1.5215217286090876e-07	0	200	122	6798	10622	117	6881	10783	{timestr}
QFTAdd8	before	6	0.0001	27.45709914100007	400.603219564	1.0536712125031045e-07	2.1305037624208545e-05	1.9154547809874245e-05	0	200	276	18356	28401	206	14706	22855	{timestr}
QFTAdd8	after	6	0.0001	7.547815419005929	184.2587626579989	8.685033203725823e-08	5.536294577357381e-05	5.723190815365431e-05	0	200	122	7670	12080	114	7637	11933	{timestr}
QFTAdd8	before	6	0.0001	27.81384375700145	419.3564136540008	1.0536712125031045e-07	1.9542188356980184e-05	2.8963931036796176e-05	0	200	276	18699	28940	204	14289	22310	{timestr}
QFTAdd8	after	6	0.0001	7.794027055999322	184.24708810300217	8.685033203725823e-08	5.2618441682694694e-05	5.4580492244604706e-05	0	200	122	7684	12070	114	7634	11934	{timestr}
QFTAdd8	before	6	1e-06	48.793585210994934	497.3570276870014	1.0536712125031045e-07	8.539614604341494e-08	1.0460264743272774e-07	0	200	276	17318	26888	207	13889	21749	{timestr}
QFTAdd8	after	6	1e-06	13.059203725999396	181.00078866300464	8.685033203725823e-08	2.587899664563409e-07	2.947629255123374e-07	0	200	122	7640	12027	114	7592	11955	{timestr}
QFTAdd8	before	6	1e-06	45.89955806999933	471.7062342950012	1.0536712125031045e-07	1.300996296249579e-07	4.470348358154297e-08	0	200	276	17142	26658	215	14353	22469	{timestr}
QFTAdd8	after	6	1e-06	12.44558079399576	229.4002040339983	8.685033203725823e-08	2.0664354749566627e-07	2.7126284107836796e-07	0	200	122	7642	12002	114	7634	11957	{timestr}
QFTAdd8	before	6	1e-08	91.88616265900055	658.1578903280024	1.0536712125031045e-07	1.8401421131297724e-07	2.1067142819131135e-07	0	200	276	15412	23931	216	13591	21254	{timestr}
QFTAdd8	after	6	1e-08	31.79355738799495	255.62878234100208	8.685033203725823e-08	1.6705333405475642e-07	1.6439875794027614e-07	0	200	122	6786	10708	118	7213	11398	{timestr}
QFTAdd8	before	6	1e-08	79.56866992799769	468.7722778440002	1.0536712125031045e-07	1.0536712125031045e-07	1.311766895106814e-07	0	200	276	15410	24041	223	12888	20177	{timestr}
QFTAdd8	after	6	1e-08	38.38762382200366	231.31995081499917	8.685033203725823e-08	2.2618291162235238e-07	1.8547218216813377e-07	0	200	122	6805	10735	118	7218	11411	{timestr}
QFTAdd8	before	7	1e-05	29.974158445002104	6741.0808850179965	8.429369702245282e-08	5.002928129660411e-06	4.4928403185595656e-06	0	200	276	20497	31533	207	16477	25595	{timestr}
QFTAdd8	after	7	1e-05	17.350844136002706	2194.3121639859964	8.067806900324825e-08	5.407375862742647e-06	4.850986457305417e-06	0	200	122	8489	13196	112	8723	13567	{timestr}
QFTAdd8	before	7	1e-05	29.133488235005643	7100.312182230991	8.429369702245282e-08	4.865747551430211e-06	4.317001668030507e-06	0	200	276	20217	31173	210	16987	26307	{timestr}
QFTAdd8	after	7	1e-05	17.526785139998537	2739.914470859003	8.067806900324825e-08	4.745239077674768e-06	4.291996991478975e-06	0	200	122	8735	13628	112	8818	13602	{timestr}
QFTAdd8	before	7	0.001	24.09273363200191	7376.341748438004	8.429369702245282e-08	0.00036532743683981295	0.00023703498082350283	0	200	276	15971	24752	220	13753	21543	{timestr}
QFTAdd8	after	7	0.001	8.025845320007647	3305.205679260005	8.067806900324825e-08	0.0005115034257491269	0.0005004113763834583	0	200	122	6585	10423	112	6570	10368	{timestr}
QFTAdd8	before	7	0.001	24.035744913999224	7573.987274750005	8.429369702245282e-08	0.0003040564592624584	0.00040028499595645695	0	200	276	16056	24916	209	12765	19904	{timestr}
QFTAdd8	after	7	0.001	7.5782941179932095	2448.8672305419896	8.067806900324825e-08	0.0005021042324103719	0.0005088818295644337	0	200	122	6582	10354	112	6570	10353	{timestr}
QFTAdd8	before	7	1e-07	84.84808441100176	7928.491338496009	8.429369702245282e-08	1.5007060483185342e-07	1.7987292721954873e-07	0	200	276	16080	24981	237	14386	22316	{timestr}
QFTAdd8	after	7	1e-07	34.53518429299584	2791.3126173329947	8.067806900324825e-08	1.2282491756998581e-07	2.6638958938729473e-07	0	200	122	6755	10693	117	7090	11167	{timestr}
QFTAdd8	before	7	1e-07	83.6959290419909	7581.017067886001	8.429369702245282e-08	1.289971806039958e-07	2.702076071781079e-07	0	200	276	16093	25025	230	14079	22045	{timestr}
QFTAdd8	after	7	1e-07	39.59659673400165	2370.160011476997	8.067806900324825e-08	1.1048039139094357e-07	1.4531337688694634e-07	0	200	122	6753	10691	115	7083	11145	{timestr}
QFTAdd8	before	7	0.0001	27.341272405989002	7982.80346511399	8.429369702245282e-08	1.8089203893123518e-05	1.7893238792643373e-05	0	200	276	18942	29076	225	16716	25974	{timestr}
QFTAdd8	after	7	0.0001	8.39738098399539	2260.738803051994	8.067806900324825e-08	4.483369207441967e-05	4.931123045504027e-05	0	200	122	7914	12527	112	7760	12124	{timestr}
QFTAdd8	before	7	0.0001	27.38871259499865	7747.2401382700045	8.429369702245282e-08	1.7681618365239515e-05	1.5391452613533474e-05	0	200	276	19031	29337	230	17090	26555	{timestr}
QFTAdd8	after	7	0.0001	8.497798487980617	2533.8522269180103	8.067806900324825e-08	4.417676511292434e-05	4.3382327598595616e-05	0	200	122	7917	12461	112	7873	12356	{timestr}
QFTAdd8	before	7	1e-06	47.83715783400112	6820.844654586021	8.429369702245282e-08	8.429369702245282e-08	1.773809199523413e-07	0	200	276	17276	26851	220	14808	23083	{timestr}
QFTAdd8	after	7	1e-06	11.870660412008874	2233.2888735200104	8.067806900324825e-08	2.267559198187996e-07	2.1209337519589866e-07	0	200	122	7765	12207	112	7700	12085	{timestr}
QFTAdd8	before	7	1e-06	47.454443752998486	7800.351798012009	8.429369702245282e-08	7.194917084341057e-08	1.2355301715061273e-07	0	200	276	17239	26792	214	14449	22523	{timestr}
QFTAdd8	after	7	1e-06	28.390543838002486	2311.5996130559943	8.067806900324825e-08	1.6571515593089003e-07	1.718874190759223e-07	0	200	122	7696	12041	112	7691	12110	{timestr}
QFTAdd64	before	4	1e-05	384.4001312339999	752.585715379	7.050423186716337e-06	7.760083464369849e-06	6.78385965269257e-06	0	4396	6402	272928	424472	5736	272348	424213	2025-03-28T12:00:13.220272
QFTAdd64	after	4	1e-05	135.05411848200038	342.3136388409994	4.357856415060368e-06	5.038705354509787e-06	5.0362575946261146e-06	0	4396	2388	112738	177818	2372	113737	179285	2025-03-28T12:50:51.577198
QFTAdd512	before	4	1e-05	3030.9810048169998	28123.584055	6.008243231725441e-05	7.051664331869656e-05	6.271008524527666e-05	0	38444	56130	2350554	3658847	50513	2365996	3685981	2025-03-29T15:26:28.019097
QFTAdd512	after	4	1e-05	1265.8430968169996	22955.549531816003	3.8051185906273766e-05	4.495975469198665e-05	4.2089723281790725e-05	0	38444	20756	973450	1533168	20638	992441	1561568	2025-03-29T22:24:15.063228
QFTAdd32	before	4	1e-05	122.89024929000152	353.9179488860027	3.122230436858331e-06	2.6803074794079507e-06	1.6563316012074836e-06	0	1964	2850	146043	226724	2363	147241	229352	2025-03-29T22:33:48.041069
QFTAdd32	after	4	1e-05	51.77549534600257	205.17735592400277	1.9070916780217217e-06	1.6171844806622815e-06	1.754504877382601e-06	0	1964	1076	70789	110684	1059	70790	110854	2025-03-29T22:38:52.034314
QFTAdd256	before	4	1e-05	1364.5907939830067	6350.465412389007	2.9790621717151744e-05	3.4210164805426047e-05	3.0725723394464666e-05	0	18988	27714	1159446	1803560	24947	1177719	1834007	2025-03-30T01:01:20.833367
QFTAdd256	after	4	1e-05	565.4023508190003	3029.5470090180024	1.8620084622167354e-05	2.1893993503052656e-05	2.1212183512253624e-05	0	18988	10260	484290	762834	10198	492825	775235	2025-03-30T02:06:50.223911
QFTAdd16	before	4	1e-05	48.12378188398725	138.52586262399564	1.2236650137609217e-06	8.57979849833157e-07	1.4405979987808237e-06	0	748	1074	70554	109476	844	57342	89267	2025-03-30T02:10:40.998486
QFTAdd16	after	4	1e-05	19.687821286002873	77.17051649000496	6.850147656889405e-07	2.3077001533033936e-06	2.546471173259235e-06	0	748	420	27529	43039	408	27505	43087	2025-03-30T02:12:38.781473
QFTAdd128	before	4	1e-05	603.0701649469993	1823.3925725129957	1.4618580383540802e-05	1.6253258480092292e-05	1.4849249978188261e-05	0	9260	13506	566025	880456	12146	565519	881181	2025-03-30T02:59:35.472034
QFTAdd128	after	4	1e-05	266.7559785749909	1067.8852731769875	9.185939075950778e-06	1.0377109144643626e-05	1.0625643475759006e-05	0	9260	5012	236567	372308	4987	238886	376184	2025-03-30T03:24:27.192982
QFT8	before	4	1e-05	3.9959372129960684	12.593959331003134	4.214684845571526e-08	1.3936370256559809e-06	1.5462064096451716e-06	0	64	84	5893	9167	66	4813	7508	2025-03-30T03:24:49.811322
QFT8	after	4	1e-05	3.617870945992763	10.397306168000796	3.5974585421705285e-08	1.2806332230487702e-06	1.052827938357335e-06	0	64	42	3060	4838	42	3059	4834	2025-03-30T03:25:08.091505
QFT64	before	4	1e-05	97.69532813200203	250.74844587600091	2.009778342082491e-06	3.2913636882625497e-07	1.1293041313198415e-06	0	1444	2070	140702	218284	1729	117145	182266	2025-03-30T03:32:21.914455
QFT64	after	4	1e-05	41.51542771898676	159.9242048090091	1.1629109167854423e-06	2.0179435444855898e-06	1.632126463424477e-06	0	1444	816	55099	85836	816	55214	86263	2025-03-30T03:36:19.910032
QFT512	before	4	1e-05	861.7816108069965	3083.149958344002	1.7578769164749986e-05	2.0688965730708553e-05	1.9171309233345646e-05	0	12644	18198	793871	1234390	16544	790270	1230130	2025-03-30T04:51:47.898225
QFT512	after	4	1e-05	423.0343694930052	1545.4946763049957	9.97701656701988e-06	1.2625650872455374e-05	1.2334402896940766e-05	0	12644	7088	371601	582968	7088	371463	582450	2025-03-30T05:28:50.229601
QFT32	before	4	1e-05	43.78945831400051	115.42384856200079	9.075021267790362e-07	1.5562999976515002e-06	1.6099477379016847e-06	0	644	918	62626	96893	760	51717	80294	2025-03-30T05:32:08.801749
QFT32	after	4	1e-05	15.510731636008131	69.81164046999766	5.47288686925107e-07	2.891997644915989e-06	2.779519039930456e-06	0	644	368	25007	38896	368	24977	38829	2025-03-30T05:33:51.827640
QFT256	before	4	1e-05	423.64961384999333	1155.054446654991	8.683457203062517e-06	1.0430545260953217e-05	9.530567978366378e-06	0	6244	8982	392921	610628	8154	390225	608147	2025-03-30T06:04:43.816650
QFT256	after	4	1e-05	181.78713188400434	735.6538067899965	4.948169249008316e-06	6.2314250285355754e-06	6.112913273348397e-06	0	6244	3504	183330	287355	3504	183454	287820	2025-03-30T06:22:00.465300
QFT16	before	4	1e-05	17.38528394199966	41.49767431098735	3.474519891799588e-07	3.833492000171468e-06	4.119079699549388e-06	0	244	342	25393	39289	279	20144	31313	2025-03-30T06:23:16.457707
QFT16	after	4	1e-05	5.272352519008564	26.94611889999942	1.8498619736018185e-07	5.322478263347641e-06	6.0342901616605715e-06	0	244	144	9660	15051	144	9589	14959	2025-03-30T06:23:56.431251
QFT128	before	4	1e-05	198.10743173099763	546.8407183160016	4.264136664100526e-06	4.885719744773809e-06	3.6693564144929525e-06	0	3044	4374	203478	315701	3906	210950	327831	2025-03-30T06:38:40.014298
QFT128	after	4	1e-05	70.94155119800416	348.6450523430103	2.4486467511408705e-06	3.0663167155386972e-06	2.928318815764719e-06	0	3044	1712	89292	139893	1712	89368	140114	2025-03-30T06:46:37.934535
QFTAdd8	before	4	1e-05	10.523087495999789	30.871466362999854	2.0711861459243863e-07	4.129917807293992e-06	3.645951677233583e-06	0	200	276	19049	29500	201	14415	22321	2025-04-11T12:30:25.057785
QFTAdd8	after	4	1e-05	4.430431691999729	23.130868541000382	8.067806900324825e-08	5.911991112772519e-06	6.093386917593868e-06	0	200	122	7698	12111	114	7415	11655	2025-04-11T12:30:59.068235
QFTAdd8	before	4	0.001	6.31998000800013	29.469681949000005	2.0711861459243863e-07	0.00014152538896883282	0.00012367398445911615	0	200	276	15491	24291	216	12777	20016	2025-04-11T12:31:45.279772
QFTAdd8	after	4	0.001	4.47074326100028	21.741214488999503	8.067806900324825e-08	0.0005444740850376606	0.0005569103332422332	0	200	122	6060	9692	114	6043	9567	2025-04-11T12:32:17.184059
QFTAdd8	before	4	1e-07	21.454549899000085	55.51746585500041	2.0711861459243863e-07	2.3692093698013394e-07	2.2410134370431933e-07	0	200	276	13998	21777	212	11598	18144	2025-04-11T12:33:44.110543
QFTAdd8	after	4	1e-07	14.216307357000005	35.21418833200005	8.067806900324825e-08	1.9589460442670514e-07	1.337333246365091e-07	0	200	122	6846	10733	117	7046	11146	2025-04-11T12:34:39.746171
QFTAdd8	before	4	0.0001	7.164628706000258	30.23936448099994	2.0711861459243863e-07	2.9134905360606034e-05	1.827836161805152e-05	0	200	276	17629	27317	207	14351	22412	2025-04-11T12:35:29.172411
QFTAdd8	after	4	0.0001	4.720040590999815	22.69081314399955	8.067806900324825e-08	5.09976935371137e-05	5.653715623077371e-05	0	200	122	7399	11590	114	7195	11300	2025-04-11T12:36:03.052828
QFTAdd8	before	4	1e-06	16.309786623000036	46.96327073399971	2.0711861459243863e-07	1.2538155258479122e-07	1.9755242341989998e-07	0	200	276	16361	25505	200	13303	20791	2025-04-11T12:37:17.507267
QFTAdd8	after	4	1e-06	11.50580728299974	31.211714726000537	8.067806900324825e-08	3.181154261122643e-07	3.3212304106911006e-07	0	200	122	7635	12003	114	7629	11950	2025-04-11T12:38:06.653649
QFTAdd8	before	4	1e-08	36.86164593400008	84.29050768800062	2.0711861459243863e-07	2.4361885608836786e-07	1.4389834179784344e-07	0	200	276	13897	21665	224	12292	19300	2025-04-11T12:40:17.787142
QFTAdd8	after	4	1e-08	17.30034740500014	45.46824553500028	8.067806900324825e-08	1.0175149323110588e-07	9.557923019709591e-08	0	200	122	6815	10783	117	7026	11030	2025-04-11T12:41:26.703691
QFTAdd8	before	3	1e-05	8.457717322999997	33.27827666599933	2.9141231161489145e-07	5.453551512379917e-06	4.563104006871654e-06	0	200	276	17085	26416	225	15603	24227	2025-04-11T12:42:20.612020
QFTAdd8	after	3	1e-05	4.797791236000194	23.805598596999516	1.9838971643260095e-07	5.9429204296579385e-06	5.420333184513737e-06	0	200	122	7548	11808	119	7540	11823	2025-04-11T12:42:55.736405
QFTAdd8	before	3	0.001	6.976780684000005	32.085756443999344	2.9141231161489145e-07	0.00027416672236835193	0.00020927265755210644	0	200	276	14455	22435	231	13144	20451	2025-04-11T12:43:45.624777
QFTAdd8	after	3	0.001	3.881677755000055	22.933448724999835	1.9838971643260095e-07	0.0006453783095331511	0.0006270533204468798	0	200	122	5851	9370	119	5873	9263	2025-04-11T12:44:18.199536
QFTAdd8	before	3	1e-07	20.025685922000775	52.84124174799945	2.9141231161489145e-07	3.531964652969677e-07	4.3657431858523665e-07	0	200	276	13016	20398	241	12005	18713	2025-04-11T12:45:41.044701
QFTAdd8	after	3	1e-07	11.867870141999447	35.786639296999965	1.9838971643260095e-07	2.9141231161489145e-07	2.8598343848607044e-07	0	200	122	6329	9956	119	6328	9958	2025-04-11T12:46:34.590047
QFTAdd8	before	3	0.0001	7.282177090999539	34.03859977299999	2.9141231161489145e-07	3.7744671496420246e-05	1.303831279941825e-05	0	200	276	16243	25351	228	15661	24296	2025-04-11T12:47:28.051876
QFTAdd8	after	3	0.0001	4.458679437000683	24.270068951999747	1.9838971643260095e-07	5.474527837501242e-05	5.370068600629718e-05	0	200	122	6920	11002	119	6993	11146	2025-04-11T12:48:03.193355
QFTAdd8	before	3	1e-06	20.04269847999967	44.15556813400053	2.9141231161489145e-07	4.2558083090948884e-07	2.651486308291595e-07	0	200	276	13100	20473	236	12968	20230	2025-04-11T12:49:17.521936
QFTAdd8	after	3	1e-06	9.536179265999635	30.00906763600051	1.9838971643260095e-07	3.4558808326146107e-07	3.666615074893187e-07	0	200	122	6521	10248	119	6537	10317	2025-04-11T12:50:03.005455
QFTAdd8	before	3	1e-08	29.118640404999496	63.447038883999994	2.9141231161489145e-07	3.063134728087391e-07	3.1172126191414407e-07	0	200	276	12985	20270	249	12700	19828	2025-04-11T12:51:45.724513
QFTAdd8	after	3	1e-08	13.24182251900038	42.791432034000536	1.9838971643260095e-07	3.512177735309763e-07	4.2844566117139493e-07	0	200	122	6292	9901	119	6314	9926	2025-04-11T12:52:47.486171
QFTAdd8	before	5	1e-05	16.436266452000382	56.46944906600038	1.263426044895155e-07	4.7299571881431746e-06	4.789863976006892e-06	0	200	276	19142	29623	209	15445	23926	2025-04-11T12:54:13.527902
QFTAdd8	after	5	1e-05	4.99944150400006	36.31737775599959	9.30225951822905e-08	5.009119140031437e-06	5.300041170941405e-06	0	200	122	8144	12747	117	8012	12594	2025-04-11T12:55:01.766113
QFTAdd8	before	5	0.001	13.911921484000231	45.33358954600044	1.263426044895155e-07	7.884717788753104e-05	8.47898276837844e-05	0	200	276	15931	24896	222	13332	21015	2025-04-11T12:56:12.408527
QFTAdd8	after	5	0.001	4.189483221000046	26.19665253400035	9.30225951822905e-08	0.0005262882588440432	0.0005977266993482111	0	200	122	6271	9985	117	6156	9764	2025-04-11T12:56:48.733921
QFTAdd8	before	5	1e-07	35.24500979000004	72.65446754499953	1.263426044895155e-07	1.4741602882839544e-07	2.666993355049385e-07	0	200	276	15573	24226	223	13098	20591	2025-04-11T12:58:47.725408
QFTAdd8	after	5	1e-07	12.670591278000757	48.931260222000674	9.30225951822905e-08	2.2958087764202162e-07	9.510416310032355e-08	0	200	122	6745	10620	117	7438	11735	2025-04-11T12:59:55.789052
QFTAdd8	before	5	0.0001	7.211367945000347	48.16054598400024	1.263426044895155e-07	3.1988431484109014e-05	2.2054854230790788e-05	0	200	276	18135	28031	218	15070	23510	2025-04-11T13:01:04.055992
QFTAdd8	after	5	0.0001	4.124305792999621	33.50883473199974	9.30225951822905e-08	4.9771451941293954e-05	5.89223170128772e-05	0	200	122	7396	11621	117	7194	11309	2025-04-11T13:01:48.173986
QFTAdd8	before	5	1e-06	25.15123745800065	67.33393312299995	1.263426044895155e-07	1.0782581538748559e-07	0.0	0	200	276	16335	25471	214	14063	22053	2025-04-11T13:03:32.136943
QFTAdd8	after	5	1e-06	11.16838101400026	45.46832807699957	9.30225951822905e-08	2.577579106821659e-07	2.7182566719741175e-07	0	200	122	7644	11994	117	7612	11973	2025-04-11T13:04:35.529894
QFTAdd8	before	5	1e-08	43.966551800999696	101.50974914499966	1.263426044895155e-07	1.7104608807105848e-07	2.1664311788960333e-07	0	200	276	15537	24178	234	13080	20482	2025-04-11T13:07:11.979277
QFTAdd8	after	5	1e-08	21.918377656999837	61.57760540400068	9.30225951822905e-08	1.4124376568336316e-07	1.6284284598544474e-07	0	200	122	6766	10690	118	7437	11697	2025-04-11T13:08:41.842747
QFTAdd8	before	6	1e-05	20.093433656999878	711.2123459679997	1.0536712125031045e-07	5.013645063556282e-06	4.191647998585957e-06	0	200	276	18909	29184	192	14708	22890	2025-04-11T13:21:05.562265
QFTAdd8	after	6	1e-05	13.52203546400051	226.14219729599972	8.685033203725823e-08	5.804569546352667e-06	5.669524524631875e-06	0	200	122	8415	13079	114	8353	13040	2025-04-11T13:25:12.507045
QFTAdd8	before	6	0.001	8.330074948999936	363.1025732420003	1.0536712125031045e-07	0.0002737497592824045	0.0003320945119649199	0	200	276	15879	24633	212	12548	19784	2025-04-11T13:31:35.044754
QFTAdd8	after	6	0.001	4.222121755000444	175.57718399900023	8.685033203725823e-08	0.0005095780463101329	0.00048378801892623446	0	200	122	6430	10218	115	6492	10238	2025-04-11T13:34:40.770571
QFTAdd8	before	6	1e-07	60.21816848599883	490.44762401200023	1.0536712125031045e-07	1.0536712125031045e-07	1.1010326528282377e-07	0	200	276	15460	24003	203	11895	18729	2025-04-11T13:44:01.925472
QFTAdd8	after	6	1e-07	17.94581075499991	227.5322416960007	8.685033203725823e-08	2.2082227335573634e-07	2.4773140305800467e-07	0	200	122	6823	10703	117	7228	11335	2025-04-11T13:48:13.800904
QFTAdd8	before	6	0.0001	21.832989127000474	403.7424713119999	1.0536712125031045e-07	2.221589938000701e-05	2.2079074254888198e-05	0	200	276	18650	28711	205	14270	22179	2025-04-11T13:55:31.866754
QFTAdd8	after	6	0.0001	4.598920754000574	208.477883775	8.685033203725823e-08	5.380212700245579e-05	5.605095890814926e-05	0	200	122	7680	12052	114	7597	11957	2025-04-11T13:59:11.542268
QFTAdd8	before	6	1e-06	37.5379242580002	457.5899016680014	1.0536712125031045e-07	2.107342422785763e-08	0.0	0	200	276	17173	26646	194	12989	20378	2025-04-11T14:07:38.038416
QFTAdd8	after	6	1e-06	9.552453697999226	217.44111924699973	8.685033203725823e-08	3.6587612672889236e-07	2.5960086202925226e-07	0	200	122	7613	11956	114	7631	11992	2025-04-11T14:11:31.749964
QFTAdd8	before	6	1e-08	70.15820186600104	455.7867855989989	1.0536712125031045e-07	1.4607785070452906e-07	2.5811572790246373e-07	0	200	276	15413	23891	216	12201	19107	2025-04-11T14:20:28.168966
QFTAdd8	after	6	1e-08	19.105901380999057	256.73749513999974	8.685033203725823e-08	1.459799097158765e-07	1.8460907125206205e-07	0	200	122	6791	10707	118	6805	10744	2025-04-11T14:25:10.353184
QFTAdd8	before	7	1e-05	23.259929657999237	6494.9014544090005	8.429369702245282e-08	4.177901808510853e-06	4.011128364900252e-06	0	200	276	20634	31750	204	16044	24991	2025-04-11T16:14:05.550166
QFTAdd8	before	4	1e-05	15.686573224000313	30.960129376002442	2.0711861459243863e-07	4.075826009808381e-06	4.4960598141186026e-06	0	200	276	18921	29304	201	14308	22185	2025-04-11T16:57:15.005787
QFTAdd8	after	4	1e-05	4.612416549000045	23.570530905999476	8.067806900324825e-08	5.507672852345102e-06	5.766285281705308e-06	0	200	122	7840	12290	114	7694	12097	2025-04-11T16:57:49.693158
QFTAdd64	before	4	1e-05	311.58442061299866	829.0147249330003	7.050423186716337e-06	8.110808171424289e-06	6.9367018123989155e-06	0	4396	6402	273028	424719	5582	260630	406088	2025-04-11T17:19:55.227620
QFTAdd64	after	4	1e-05	122.44761835400277	492.8357998909996	4.357856415060368e-06	4.788325374427416e-06	4.791351077559902e-06	0	4396	2388	112683	177567	2370	113977	179447	2025-04-11T17:31:26.577149
QFTAdd8	before	4	1e-05	13.92607361499904	31.64536228200086	2.0711861459243863e-07	4.134419343215789e-06	4.6524763213096065e-06	0	200	276	18920	29288	202	14534	22621	2025-04-11T18:46:22.300348
QFTAdd8	after	4	1e-05	4.3499542950012255	24.11302124299982	8.067806900324825e-08	5.950082191619188e-06	5.993364164291748e-06	0	200	122	7729	12117	114	7420	11598	2025-04-11T18:46:57.258586
QFTAdd8	before	4	1e-05	13.530766980999033	31.505915893001657	2.0711861459243863e-07	3.8785682920927655e-06	4.174573724591291e-06	0	200	276	18915	29312	202	14671	22723	2025-04-11T18:50:50.080886
QFTAdd8	after	4	1e-05	4.281898465000268	22.9280798639993	8.067806900324825e-08	5.297993204589346e-06	6.069540475883706e-06	0	200	122	7837	12325	114	7434	11690	2025-04-11T18:51:34.965868
QFTAdd64	before	4	1e-05	312.981290325999	850.5772336070004	7.050423186716337e-06	7.78231474463098e-06	7.170084997842885e-06	0	4396	6402	273002	424914	5609	254797	397297	2025-04-11T19:13:57.396195
QFTAdd64	after	4	1e-05	122.20965692000027	480.05224086199814	4.357856415060368e-06	4.8438509709924915e-06	4.9164107804866575e-06	0	4396	2388	112645	177729	2375	113769	179092	2025-04-11T19:25:13.186745
QFTAdd64	before	4	1e-05	317.06705766699815	819.9284643579995	7.050423186716337e-06	7.883644907558107e-06	6.605431148498653e-06	0	4396	6402	273170	424427	5594	262025	407797	2025-04-11T20:22:32.692899
QFTAdd64	after	-1	1063	-1	-1	-1	-1	-1	-1	-1	-1	-1	-1	-1	-1	-1	-1	Skipping circuit QFTAdd64_after because it required too tight an error threshold 9.407337723424272e-09	2025-04-15T18:18:58.802030	Skipping circuit QFTAdd64_after because it required too tight an error threshold 9.407337723424272e-09
QFTAdd64	after	4	1063	1e-05	-1	-1	-1	-1	-1	-1	-1	-1	-1	-1	-1	-1	-1	2025-04-15T18:24:33.100573	Skipping circuit QFTAdd64_after because it required too tight an error threshold 9.407337723424272e-09
